"Id","Name","Opportunity_Type__c","RecordTypeId","Record_Type_Name__c"
"0065200000Efwn8AAB","Astranis #20077 - EMI/EMC Testing of Multiple Satellite Boxes","","01252000001omdbAAA","BGS_Testing_Services"
"0065200000Efwn9AAB","Blue Origin #20076 - Direct Lightning Test of the New Glenn","","01252000001omdbAAA","BGS_Testing_Services"
"0065200000EfwnAAAR","Southern Research #20071 - LCAT Testing","","01252000001omdbAAA","BGS_Testing_Services"
"0065200000EfwnBAAR","Spirit Aerosystems #20070 - Metrology - Loop Resistence Testing","","01252000001omdbAAA","BGS_Testing_Services"
"0065200000EfwnCAAR","Raytheon Missile Systems #20068 - LCAT Test of Wedge Samples","","01252000001omdbAAA","BGS_Testing_Services"
"0065200000EfwnDAAR","Raytheon Missile Systems #20067 - PSWT Test of the Hypersonic Defense Regional Glide Phase Weapon System (RGPWS)","","01252000001omdbAAA","BGS_Testing_Services"
"0065200000EfwnEAAR","AFRL #20063 - Mass Flow Plug Calibration in the NTF","","01252000001omdbAAA","BGS_Testing_Services"
"0065200000EfwnFAAR","MR&D #20059 - LCAT Test of Standard Wedge Samples","","01252000001omdbAAA","BGS_Testing_Services"
"0065200000EfwnGAAR","Lockheed Martin #20058 - LCAT Test in Support of ROMA 2 White Paper","","01252000001omdbAAA","BGS_Testing_Services"
"0065200000EfwnHAAR","Gulfstream #20057 - G600 TS-1 Heated Fuel Flight Test","","01252000001omdbAAA","BGS_Testing_Services"
"0065200000EfwnIAAR","American Airlines #20056 - 787 FCF Course","","01252000001omdbAAA","BGS_Testing_Services"
"0065200000EfwnJAAR","Qatar Airways #20055 - 787 & 777 FCF Course","","01252000001omdbAAA","BGS_Testing_Services"
"0065200000EfwnKAAR","Hawaiian Air - #20051 - 787 FCF Course","","01252000001omdbAAA","BGS_Testing_Services"
"0065200000EfwnLAAR","Air Horizont #20048 - Functional Check Flight (FCF) 737 NG","","01252000001omdbAAA","BGS_Testing_Services"
"0065200000EfwnMAAR","Atlas Air #20047 - Funtional Check Flight (FCF) Training Course","","01252000001omdbAAA","BGS_Testing_Services"
"0065200000EfwnNAAR","General Atomics #20045 - BVWT Test of a Ducted Nacelle","","01252000001omdbAAA","BGS_Testing_Services"
"0065200000EfwnOAAR","Goodman Technologies #20044 - LCAT Test of Nano-CERMET Materials","","01252000001omdbAAA","BGS_Testing_Services"
"0065200000EfwnPAAR","Southern Research #20042 - LCAT Test of Specimens (DOD Distribution E)","","01252000001omdbAAA","BGS_Testing_Services"
"0065200000EfwnQAAR","ULA #20040 - FY20 Metrology Calibration Support","","01252000001omdbAAA","BGS_Testing_Services"
"0065200000EfwnRAAR","NOAA #20039 - ecoDemontrator Air Sampling","","01252000001omdbAAA","BGS_Testing_Services"
"0065200000EfwnSAAR","Dynetics #20038 - PSWT Test of the Maneuver Air Defense Technology (MAD-T)","","01252000001omdbAAA","BGS_Testing_Services"
"0065200000EfwnTAAR","Sierra Nevada #20036 - RCS Testing of the Winged Foot II Program","","01252000001omdbAAA","BGS_Testing_Services"
"0065200000EfwnUAAR","Dayton-Grainger #20035 - Antenna Testing at Smartt Field","","01252000001omdbAAA","BGS_Testing_Services"
"0065200000EfwnVAAR","GE Aviation #20034 LEAP-1B Pylon - Damaged Fuel Line","","01252000001omdbAAA","BGS_Testing_Services"
"0065200000EfwnWAAR","Emirates #20032 Functional Check Flight Course","","01252000001omdbAAA","BGS_Testing_Services"
"0065200000EfwnXAAR","Raytheon Missile Systems #11415Am2 - PSWT Test of the AMRAAM-ER Program","","01252000001omdbAAA","BGS_Testing_Services"
"0065200000EfwnYAAR","Raytheon Missile Systems #11415Am1 - PSWT Test of the AMRAAM-ER Program","","01252000001omdbAAA","BGS_Testing_Services"
"0065200000EfwnZAAR","Rolls-Royce #11280Am3 - Trailing Cone System Support","","01252000001omdbAAA","BGS_Testing_Services"
"0065200000EfwnaAAB","Blue Origin #20028 - LCAT Test of Thermal Protection Materials","","01252000001omdbAAA","BGS_Testing_Services"
"0065200000EfwnbAAB","MR&D #20027 - LCAT Test of Three Wedge Specimens","","01252000001omdbAAA","BGS_Testing_Services"
"0065200000EfwncAAB","RUAG Space #20025 - Frequency ID Test on SL Test Stack of the ULA Vulcan Centaur","","01252000001omdbAAA","BGS_Testing_Services"
"0065200000EfwndAAB","Blue Origin #20024 - Lightning Testing","","01252000001omdbAAA","BGS_Testing_Services"
"0065200000EfwneAAB","Ultramet #20021 LCAT Testing","","01252000001omdbAAA","BGS_Testing_Services"
"0065200000EfwnfAAB","S. D. MILLER AND ASSOCIATES P.L.L.C. #20020 - LCAT Test of Stagnation Specimens","","01252000001omdbAAA","BGS_Testing_Services"
"0065200000EfwngAAB","Lockheed Martin Space #20018 - LCAT Test of the Hypersonics (MACH) Program","","01252000001omdbAAA","BGS_Testing_Services"
"0065200000EfwnhAAB","Raytheon Missile Systems #20016 - PSWT Test of the MNWA","","01252000001omdbAAA","BGS_Testing_Services"
"0065200000EfwniAAB","Arrow Tech #20015 - PSWT Test of a Spinning Body Model","","01252000001omdbAAA","BGS_Testing_Services"
"0065200000EfwnjAAB","RUAG Space #20012 - Acoustic Test of the ULA Vulcan CENTAUR-V","","01252000001omdbAAA","BGS_Testing_Services"
"0065200000EfwnkAAB","Northrop Grumman Innovation Systems #20011 - PSWT Test of the PG-Aft","","01252000001omdbAAA","BGS_Testing_Services"
"0065200000EfwnlAAB","Northrop Grumman Innovation Systems #20009 - BTWT OmegA Force and Moment Test","","01252000001omdbAAA","BGS_Testing_Services"
"0065200000EfwnmAAB","Indian Navy #20008 Functional Check Flight or Course (Submitted through BDS)","","01252000001omdbAAA","BGS_Testing_Services"
"0065200000EfwnnAAB","JPL #20007 - Blanket Purchase Agreement (BPA) to Perform Thermal Vac Testing","","01252000001omdbAAA","BGS_Testing_Services"
"0065200000EfwnoAAB","ULA #20005 FY18-FY19 Metrology Calibration Support","","01252000001omdbAAA","BGS_Testing_Services"
"0065200000EfwnpAAB","MR&D #20003 - LCAT Enhanced Trajectory Simulation Development","","01252000001omdbAAA","BGS_Testing_Services"
"0065200000EfwnqAAB","Joy Air #20002 Navigator Support for MSN 60467 (737-800)","","01252000001omdbAAA","BGS_Testing_Services"
"0065200000EfwnrAAB","FIRST RF Corporation #20001 - Smartt Field Antenna Range Testing of SPS Pod","","01252000001omdbAAA","BGS_Testing_Services"
"0065200000EfwnsAAB","Accion Systems #11439 - TILE System Testing (T-Vac, Shake, Shock, AO, BREL)","","01252000001omdbAAA","BGS_Testing_Services"
"0065200000EfwntAAB","MR&D #11438 - LCAT Test of 6 Additional High Temp Coated LE Specimens","","01252000001omdbAAA","BGS_Testing_Services"
"0065200000EfwoTAAR","MR&D #11437 - LCAT Test of 3 Additional High Temp Coated LE Specimens","","01252000001omdbAAA","BGS_Testing_Services"
"0065200000EfwoUAAR","MR&D #11436 - LCAT Test of 6 Additional Low Temp Coated LE Specimens","","01252000001omdbAAA","BGS_Testing_Services"
"0065200000EfwoVAAR","Cargolux #11435 Functional Check Flight Course for 747-8 (Jan. 2019)","","01252000001omdbAAA","BGS_Testing_Services"
"0065200000EfwoWAAR","Dynetics #11431 - EMC and Lightning Testing of the Small Glide Munition (SGM)","","01252000001omdbAAA","BGS_Testing_Services"
"0065200000EfwoXAAR","NASA Langley #11422 - LCAT Test of the NASA Hypersonic Material Development (NHMD) Test","","01252000001omdbAAA","BGS_Testing_Services"
"0065200000EfwoYAAR","L-3 #11419 - Pyroshock Test of 2410HC","","01252000001omdbAAA","BGS_Testing_Services"
"0065200000EfwoZAAR","British Airways #11417 Functional Check Flight for 787 (Nov. 2018)","","01252000001omdbAAA","BGS_Testing_Services"
"0065200000EfwobAAB","US Air Force (WPAFB) #11410 - EM, Infrared, and Acoustic Measurements of Six UAV's","","01252000001omdbAAA","BGS_Testing_Services"
"0065200000EfwocAAB","Redlen Technologies #11408 - Centrifuge Testing of Electronic Enclosures","","01252000001omdbAAA","BGS_Testing_Services"
"0065200000EfwodAAB","UES #11407 - LCAT Arc-jet Testing of UES Nosetip Specimens","","01252000001omdbAAA","BGS_Testing_Services"
"0065200000EfwoeAAB","Kongsberg #11405 - Additional Deepglider Hull Fabrication","","01252000001omdbAAA","BGS_Testing_Services"
"0065200000EfwofAAB","TUIfly #11398 FCF Course for 737MAX (Jan. 2019)","","01252000001omdbAAA","BGS_Testing_Services"
"0065200000EfwogAAB","Plasma Processes #11396 - Arc Jet Testing in the LCAT","","01252000001omdbAAA","BGS_Testing_Services"
"0065200000EfwohAAB","Naval Air Warfare Center Weapons Division - China Lake #11395 - PSWT Test of a Two-Stage Air Vehicle","","01252000001omdbAAA","BGS_Testing_Services"
"0065200000EfwoiAAB","Arrow Tech #11388 - PSWT Test of an OATK 5 Inch Armament","","01252000001omdbAAA","BGS_Testing_Services"
"0065200000EfwojAAB","GE Aviation #11378 - Follow-On Work to #10522 777X GE9X 747-400 FTB Strut","","01252000001omdbAAA","BGS_Testing_Services"
"0065200000EfwokAAB","Capella Space #11374 - RF Antenna Test of the SAR","","01252000001omdbAAA","BGS_Testing_Services"
"0065200000EfwolAAB","EaglePicher #11346 - Battery Vib Qual Testing of the Harpoon","","01252000001omdbAAA","BGS_Testing_Services"
"0065200000EfwomAAB","Okay Airways #11361 Navigator Support for MSN 63619","","01252000001omdbAAA","BGS_Testing_Services"
"0065200000EfwonAAB","MR&D #11363 - LCAT Test of 2 Additional Leading Edge Specimens","","01252000001omdbAAA","BGS_Testing_Services"
"0065200000EfwooAAB","SRA #11358 - High Temp Testing","","01252000001omdbAAA","BGS_Testing_Services"
"0065200000EfwopAAB","Orbital ATK #11357 - PSWT of a 5 Inch Armament","","01252000001omdbAAA","BGS_Testing_Services"
"0065200000EfwoqAAB","DRDO #11355 - India - Trisonic Wind Tunnel (TWT) Annual Maintenance Contract (AMC)","","01252000001omdbAAA","BGS_Testing_Services"
"0065200000EfworAAB","JAXA #11353 - Acoustic Ground Measurement Test","","01252000001omdbAAA","BGS_Testing_Services"
"0065200000EfwoaAAB","Raytheon Missile Systems #11415 - PSWT Test of the AMRAAM-ER Program","","01252000001omdbAAA","BGS_Testing_Services"
"0065200000EfwosAAB","UC Berkeley #11348 - 9x9 Wind Tunnel test of an FSAE Car","","01252000001omdbAAA","BGS_Testing_Services"
"0065200000EfwotAAB","Qatar Airways #11344 FCF Course for 737MAX","","01252000001omdbAAA","BGS_Testing_Services"
"0065200000EfwouAAB","Insitu #11342 - X-300 Coupon Testing","","01252000001omdbAAA","BGS_Testing_Services"
"0065200000EfwovAAB","Boom #11334 - PSWT Test of the XB-1 Inlet","","01252000001omdbAAA","BGS_Testing_Services"
"0065200000EfwowAAB","MR&D #11330 - LCAT LE Arcjet Testing (Late 2018)","","01252000001omdbAAA","BGS_Testing_Services"
"0065200000EfwoxAAB","QinetiQ #11328 - Flow Vis Support","","01252000001omdbAAA","BGS_Testing_Services"
"0065200000EfwoyAAB","MR&D #11327 - LCAT LE Arcjet Testing","","01252000001omdbAAA","BGS_Testing_Services"
"0065200000EfwozAAB","NGIS #11326 - PSWT Test of the ICBM KIT 41","","01252000001omdbAAA","BGS_Testing_Services"
"0065200000Efwp0AAB","General Atomics #11322 - BTWT Follow-on Test of the Avenger ER","","01252000001omdbAAA","BGS_Testing_Services"
"0065200000Efwp1AAB","Seahawks #11321 - Rapid Prototyping of a Sports Science Hub and Cup Totes","","01252000001omdbAAA","BGS_Testing_Services"
"0065200000Efwp2AAB","IC2 #11315 - No-Cost Sensor Transfer","","01252000001omdbAAA","BGS_Testing_Services"
"0065200000Efwp3AAB","L-3 #11310 - Pyroshock Test of 9922H","","01252000001omdbAAA","BGS_Testing_Services"
"0065200000Efwp4AAB","Okay Airways #11307 Navigator Support for MSN 63620","","01252000001omdbAAA","BGS_Testing_Services"
"0065200000Efwp5AAB","Okay Airways #11306 Navigator Support for MSN 63618","","01252000001omdbAAA","BGS_Testing_Services"
"0065200000Efwp6AAB","Penn #11301 BVWT Testing of Car","","01252000001omdbAAA","BGS_Testing_Services"
"0065200000Efwp7AAB","Zunum Aero #11286 - LSAF Test of a Single Rotor Stage Fan","","01252000001omdbAAA","BGS_Testing_Services"
"0065200000Efwp8AAB","Dynetics #11281 - BTWT Inlet Test","","01252000001omdbAAA","BGS_Testing_Services"
"0065200000Efwp9AAB","Rolls-Royce #11280 - Trailing Cone System Support","","01252000001omdbAAA","BGS_Testing_Services"
"0065200000EfwpAAAR","Kongsberg #11278 - 600m Deepglider Carbon Fiber Hull Fabrication","","01252000001omdbAAA","BGS_Testing_Services"
"0065200000EfwpBAAR","Amazon #11273 - BVWT Test of the Project Speckled Hummingbird Aircraft","","01252000001omdbAAA","BGS_Testing_Services"
"0065200000EfwpCAAR","Virgin Orbit #11268 - GVT Support and Soft Supports for Ground Vibration Testing (GVT)","","01252000001omdbAAA","BGS_Testing_Services"
"0065200000EfwpDAAR","BVR Technologies #11260 Metrology","","01252000001omdbAAA","BGS_Testing_Services"
"0065200000EfwpEAAR","Aero-Mach #11259 Metrology","","01252000001omdbAAA","BGS_Testing_Services"
"0065200000EfwpFAAR","The Spaceship Company #11258 - ADC Dog leg Layup","","01252000001omdbAAA","BGS_Testing_Services"
"0065200000EfwpGAAR","The Spaceship Company #11249 - Provide Titanium Laser Sintered Coupons","","01252000001omdbAAA","BGS_Testing_Services"
"0065200000EfwpHAAR","MR&D #11125(1) - LCAT LE Arcjet Testing - Adding 4 Specimens","","01252000001omdbAAA","BGS_Testing_Services"
"0065200000EfwpIAAR","Qatar Airways #11245 FCF Course 747-8","","01252000001omdbAAA","BGS_Testing_Services"
"0065200000EfwpJAAR","FAA #11239 Antenna Testing","","01252000001omdbAAA","BGS_Testing_Services"
"0065200000EfwpKAAR","Sporian #11224 LCAT Testing ROM","","01252000001omdbAAA","BGS_Testing_Services"
"0065200000EfwpLAAR","JPL #11082(1) - EM and FM Testing of the SWOT KaRIn Antenna","","01252000001omdbAAA","BGS_Testing_Services"
"0065200000EfwpMAAR","NASA Langley #11222 - LCAT Arc-Jet Test of the Hypersonic Technology Project","","01252000001omdbAAA","BGS_Testing_Services"
"0065200000EfwpNAAR","GE Aviation #11221 - TEM Cell Testing of GE Components","","01252000001omdbAAA","BGS_Testing_Services"
"0065200000EfwpOAAR","Okay Airways #11215 Navigator Support for MSN 61405","","01252000001omdbAAA","BGS_Testing_Services"
"0065200000EfwpPAAR","Okay Airways #11213 Navigator Support for MSN 41115","","01252000001omdbAAA","BGS_Testing_Services"
"0065200000EfwpQAAR","Jacobs Technology #11212 - Provide QWSS Support to NASA Langley","","01252000001omdbAAA","BGS_Testing_Services"
"0065200000EfwpRAAR","MDA #11205 - PSWT Test","","01252000001omdbAAA","BGS_Testing_Services"
"0065200000EfwpSAAR","Raytheon Missile Systems #11204 - PSWT Test of an IRAD Airframe","","01252000001omdbAAA","BGS_Testing_Services"
"0065200000EfwpTAAR","NCA #11193 Functional Check Flight Course","","01252000001omdbAAA","BGS_Testing_Services"
"0065200000EfxaaAAB","BTS - May TEST","","01252000001omdbAAA","BGS_Testing_Services"
"0065200000EfvWpAAJ","Testing 1","","01252000001omdbAAA","BGS_Testing_Services"
"0065200000EfwGBAAZ","Air France #20134 - FCF Course","","01252000001omdbAAA","BGS_Testing_Services"
"0065200000EfwGCAAZ","Gulfstream #20133 - G700 Hot Fuel Test","","01252000001omdbAAA","BGS_Testing_Services"
"0065200000EfwGDAAZ","Pegasus Airlines #20131 - FCF Course","","01252000001omdbAAA","BGS_Testing_Services"
"0065200000EfwGEAAZ","FIRST RF #20130 - RCS Testing of the TTNT Blade Antenna","","01252000001omdbAAA","BGS_Testing_Services"
"0065200000EfwGFAAZ","US Air Force #20127 - KC-46 FCF Course","","01252000001omdbAAA","BGS_Testing_Services"
"0065200000EfwGGAAZ","Blue Origin #20125 - Develop Test Fixture for TUFROC Wedge for Future LCAT Test","","01252000001omdbAAA","BGS_Testing_Services"
"0065200000EfwGHAAZ","Air China #20124 - FCF Course 737, 747, 777, and 787","","01252000001omdbAAA","BGS_Testing_Services"
"0065200000EfwGIAAZ","Raytheon Missile Systems #20123 - PSWT Test of the SM-3 HAWK","","01252000001omdbAAA","BGS_Testing_Services"
"0065200000EfwGJAAZ","NASA Langley #20093Am1 - LCAT Arc-Jet Facility Test of NASA OASIS Hypersonic Material Development","","01252000001omdbAAA","BGS_Testing_Services"
"0065200000EfwGKAAZ","Boom #20078R2Am3 - Reduced Scope PSWT Test of the Overture","","01252000001omdbAAA","BGS_Testing_Services"
"0065200000EfwGLAAZ","Blue Origin #20119 - LCAT Comparison Testing of the New Glenn Clipper TPS System","","01252000001omdbAAA","BGS_Testing_Services"
"0065200000EfwGMAAZ","Southern Research #20091Am1 - Reduced Scope for LCAT Testing Multiple Specimens","","01252000001omdbAAA","BGS_Testing_Services"
"0065200000EfwGNAAZ","Alaska Airlines #20117 - FCF Course","","01252000001omdbAAA","BGS_Testing_Services"
"0065200000EfwGOAAZ","L3Harris #20115 - UV Testing in a Vacuum of Kapton Film","","01252000001omdbAAA","BGS_Testing_Services"
"0065200000EfwGPAAZ","Raytheon Missiles & Defense #20111 - LCAT Test of Coated Carbon Coupons","","01252000001omdbAAA","BGS_Testing_Services"
"0065200000EfwGQAAZ","Boom #20078(1) - AFCF Nacelle Calibration for PSWT Test of the Overture","","01252000001omdbAAA","BGS_Testing_Services"
"0065200000EftW6AAJ","Testing createdby","","01252000001omdbAAA","BGS_Testing_Services"
"0065200000EftW7AAJ","Testing modified by","","01252000001omdbAAA","BGS_Testing_Services"
"0065200000EfwL9AAJ","JHU/APL #20132 - LCAT Arc-jet Testing of JHU-APL Materials","","01252000001omdbAAA","BGS_Testing_Services"
"0065200000EfwLAAAZ","Dynetics #20128 - Missile Radar Cross Section (RCS) Measurements","","01252000001omdbAAA","BGS_Testing_Services"
"0065200000EfwLBAAZ","Stratolaunch #20126 - PSWT Test of the Talon-A Air-Launched Hypersonic Testbed","","01252000001omdbAAA","BGS_Testing_Services"
"0065200000EfwLCAAZ","Amerijet #20116 - FCF Course for 767","","01252000001omdbAAA","BGS_Testing_Services"
"0065200000EfwLDAAZ","Hermeus #20114 - PSWT Inlet Test","","01252000001omdbAAA","BGS_Testing_Services"
"0065200000EfwLEAAZ","SEAKR #20112 - EMI Testing","","01252000001omdbAAA","BGS_Testing_Services"
"0065200000EfwLFAAZ","Northrop Grumman #20110 - PSWT Test of an Advanced Inlet for a Hypersonic Vehicle","","01252000001omdbAAA","BGS_Testing_Services"
"0065200000EfwJ4AAJ","MTSI #20129 - LCAT Test in Support of SMARTECS","","01252000001omdbAAA","BGS_Testing_Services"
"0065200000EfwYnAAJ","Gulfstream #11192 - Heated Fuel Flight Testing for the G500","","01252000001omdbAAA","BGS_Testing_Services"
"0065200000EfwYoAAJ","German Aviation Capital #11182 Ruili FCF","","01252000001omdbAAA","BGS_Testing_Services"
"0065200000EfwYpAAJ","Aerojet Rocketdyne #11178 - Vibration Test of Hall Current Thrusters (HCT's)","","01252000001omdbAAA","BGS_Testing_Services"
"0065200000EfwYqAAJ","NuGenTec #11176 Qualification of FluoSolv AP","","01252000001omdbAAA","BGS_Testing_Services"
"0065200000EfwYrAAJ","GE Aviation #11166 - GE B747-400 FTB Tail Trailing Cone Installation Support","","01252000001omdbAAA","BGS_Testing_Services"
"0065200000EfwYsAAJ","B/E Aerospace #11164 - Lav D-FW Vibration Testing","","01252000001omdbAAA","BGS_Testing_Services"
"0065200000EfwYtAAJ","General Atomics #11151 LSAF Propeller Testing","","01252000001omdbAAA","BGS_Testing_Services"
"0065200000EfwYuAAJ","Sechan Electronics #11138 Metrology","","01252000001omdbAAA","BGS_Testing_Services"
"0065200000EfwYvAAJ","Okay Airways #11132 Navigator Support for MSN 41113","","01252000001omdbAAA","BGS_Testing_Services"
"0065200000EfwYwAAJ","MR&D #11125 - LCAT LE Arcjet Testing","","01252000001omdbAAA","BGS_Testing_Services"
"0065200000EfwYxAAJ","GOL #11114 Functional Check Flight Course","","01252000001omdbAAA","BGS_Testing_Services"
"0065200000EfwYyAAJ","Airborne Systems #11097 - Dry Heat Microbial Reduction (DHMR) Testing on a Packed Parachute","","01252000001omdbAAA","BGS_Testing_Services"
"0065200000EfwYzAAJ","Dynetics #11088 - PSWT Test of the LowER-AD Strut","","01252000001omdbAAA","BGS_Testing_Services"
"0065200000EfwZ0AAJ","UW - School of Oceanography #11085 - Fab of Three Deepglider Pressure Hulls","","01252000001omdbAAA","BGS_Testing_Services"
"0065200000EfwZ1AAJ","Penn State #10555(3) - Additional Composite Materials Testing Support","","01252000001omdbAAA","BGS_Testing_Services"
"0065200000EfwKVAAZ","Final testing","","01252000001omdbAAA","BGS_Testing_Services"
"0065200000EfwZ2AAJ","JPL #11082 - EM and FM Testing of the SWOT KaRIn Antenna","","01252000001omdbAAA","BGS_Testing_Services"
"0065200000EfwZ3AAJ","ULA #11081 FY17 Metrology Calibration Support","","01252000001omdbAAA","BGS_Testing_Services"
"0065200000EfwZ4AAJ","BE Aerospace #11043 Lav U-V Vibration Testing","","01252000001omdbAAA","BGS_Testing_Services"
"0065200000EfwZ5AAJ","Lockheed #11036 ROM LCAT Stagnation Wedge test","","01252000001omdbAAA","BGS_Testing_Services"
"0065200000EfwZ6AAJ","JPL #11017 Antenna Pattern Testing","","01252000001omdbAAA","BGS_Testing_Services"
"0065200000EfwZ7AAJ","MR&D #10992 - LCAT Arcjet Testing of Leading Edge Specimens, Round 3","","01252000001omdbAAA","BGS_Testing_Services"
"0065200000EfwZ8AAJ","ANA Trading Corp #10967 Metrology","","01252000001omdbAAA","BGS_Testing_Services"
"0065200000EfwZ9AAJ","Leading Edge #10966 Metrology","","01252000001omdbAAA","BGS_Testing_Services"
"0065200000EfwZAAAZ","Midair USA #10964","","01252000001omdbAAA","BGS_Testing_Services"
"0065200000EfwZBAAZ","ULA #10930 PSWT testing of Payload Fairing Launch Vehicle","","01252000001omdbAAA","BGS_Testing_Services"
"0065200000EfwZCAAZ","ULA #10910 FY16 Metrology Calibration Support","","01252000001omdbAAA","BGS_Testing_Services"
"0065200000EfwZDAAZ","Monadnock #10907 Metrology","","01252000001omdbAAA","BGS_Testing_Services"
"0065200000EfwZEAAZ","Probata #10869 Metrology","","01252000001omdbAAA","BGS_Testing_Services"
"0065200000EfwZFAAZ","Atlas Air #10832 Metrology","","01252000001omdbAAA","BGS_Testing_Services"
"0065200000EfwZGAAZ","Cobham #10745 - RCS Testing of Cobham Antennas in St. Louis Range","","01252000001omdbAAA","BGS_Testing_Services"
"0065200000EfwZHAAZ","GE Aviation #10699 - TEM Cell Evaluation","","01252000001omdbAAA","BGS_Testing_Services"
"0065200000EfwZIAAZ","Canagrosa #10696 Metrology","","01252000001omdbAAA","BGS_Testing_Services"
"0065200000EfwZJAAZ","Blue Origin #10695 Metrology","","01252000001omdbAAA","BGS_Testing_Services"
"0065200000EfwZKAAZ","Condor #10692 Functional Check Flight Course","","01252000001omdbAAA","BGS_Testing_Services"
"0065200000EfwZLAAZ","JHU #10650 PSWT ROM Quote","","01252000001omdbAAA","BGS_Testing_Services"
"0065200000EfwZMAAZ","GE Aviation #10618 - LPR UPS/LSAF Test","","01252000001omdbAAA","BGS_Testing_Services"
"0065200000EfwZNAAZ","Bombardier #10588 Metrology","","01252000001omdbAAA","BGS_Testing_Services"
"0065200000EfwZOAAZ","LISI Monadnock #10564 Metrology","","01252000001omdbAAA","BGS_Testing_Services"
"0065200000EfwZPAAZ","NDT MainCal Ltd #10562 Metrology","","01252000001omdbAAA","BGS_Testing_Services"
"0065200000EfwZQAAZ","Penn State #10555 - Composite Materials Testing Support","","01252000001omdbAAA","BGS_Testing_Services"
"0065200000EfwZRAAZ","GE Aviation #10522 - 777X GE9X 747-400 FTB Strut","","01252000001omdbAAA","BGS_Testing_Services"
"0065200000EfwZSAAZ","Pacific Gas and Electric #10485 Metrology","","01252000001omdbAAA","BGS_Testing_Services"
"0065200000EfwZTAAZ","Northrop Grumman Technical Services #10478 Metrology","","01252000001omdbAAA","BGS_Testing_Services"
"0065200000EfwZUAAZ","Senior Aerospace Connecticut #10359 Metrology","","01252000001omdbAAA","BGS_Testing_Services"
"0065200000EfwZVAAZ","Applied Technical Services #10358 Metrology","","01252000001omdbAAA","BGS_Testing_Services"
"0065200000EfwZWAAZ","Premier Precision #10315 Metrology","","01252000001omdbAAA","BGS_Testing_Services"
"0065200000EfwZXAAZ","Machine Tools Supply #10314 Metrology","","01252000001omdbAAA","BGS_Testing_Services"
"0065200000EfwZYAAZ","Tektronix #10284 Metrology","","01252000001omdbAAA","BGS_Testing_Services"
"0065200000EfwZZAAZ","GE Aviation Systems #10243 Metrology Support","","01252000001omdbAAA","BGS_Testing_Services"
"0065200000EfwZaAAJ","Machinists #10226 Metrology Support","","01252000001omdbAAA","BGS_Testing_Services"
"0065200000EfwZbAAJ","Northrop #10216 BRAIT Test","","01252000001omdbAAA","BGS_Testing_Services"
"0065200000EfwZcAAJ","Spirit AeroSystems #10175 Metrology","","01252000001omdbAAA","BGS_Testing_Services"
"0065200000EfwZdAAJ","BAE Systems Controls Inc #10174 Metrology","","01252000001omdbAAA","BGS_Testing_Services"
"0065200000EfwZeAAJ","Intec #10173 Metrology","","01252000001omdbAAA","BGS_Testing_Services"
"0065200000EfwZfAAJ","Pacific Western Timbers #10172 Metrology","","01252000001omdbAAA","BGS_Testing_Services"
"0065200000EfwZgAAJ","PACCAR #10164 Metrology Support","","01252000001omdbAAA","BGS_Testing_Services"
"0065200000EfwZhAAJ","Pioneer Industries #10127 Metrology","","01252000001omdbAAA","BGS_Testing_Services"
"0065200000EfwZiAAJ","J. Dirats Labs #10099 Metrology","","01252000001omdbAAA","BGS_Testing_Services"
"0065200000EfwZjAAJ","Pioneer Human Services #10087 Metrology","","01252000001omdbAAA","BGS_Testing_Services"
"0065200000EfwZkAAJ","Johnson Gage & Inpection #10042 Metrology","","01252000001omdbAAA","BGS_Testing_Services"
"0065200000EfwZlAAJ","Pilkington Metal Finishing #10041 Metrology","","01252000001omdbAAA","BGS_Testing_Services"
"0065200000EfwZmAAJ","TECO #10022 Metrology","","01252000001omdbAAA","BGS_Testing_Services"
"0065200000EfwZnAAJ","Lockheed #9714 Metrology for Lockheed Missile Services Division","","01252000001omdbAAA","BGS_Testing_Services"
"0065200000EfwZoAAJ","SRA #9488 Follow-On Optical Signature Measurement (OSM) Testing in Huntington Beach Thermal Vac Chamber","","01252000001omdbAAA","BGS_Testing_Services"
"0065200000EfwhgAAB","Delta Air Lines #20108 - 737 FCF Course","","01252000001omdbAAA","BGS_Testing_Services"
"0065200000EfwhlAAB","Delta Air Lines #20108 - 737 FCF Course","","01252000001omdbAAA","BGS_Testing_Services"
"0065200000EfwkPAAR","Delta Air Lines #20108 - 737 FCF Course","","01252000001omdbAAA","BGS_Testing_Services"
"0065200000EfwkQAAR","Northrop Grumman #20107 - PSWT Test of the ICBM","","01252000001omdbAAA","BGS_Testing_Services"
"0065200000EfwkRAAR","RUAG Space #20025(Am1) - Added Scope - Frequency ID Test on SL Test Stack of the ULA Vulcan Centaur","","01252000001omdbAAA","BGS_Testing_Services"
"0065200000EfwkSAAR","China Air Cargo #20099 - FCF Course for 777 & 747","","01252000001omdbAAA","BGS_Testing_Services"
"0065200000EfwkTAAR","Archer Aviation #20097 - BVWT Test of an Electric Vertical Take-off and Landing (eVTOL) Aircraft","","01252000001omdbAAA","BGS_Testing_Services"
"0065200000EfwJTAAZ","Testing closed lost","","01252000001omdbAAA","BGS_Testing_Services"
"0065200000EfwkUAAR","Airborne Systems #20095 -  Dry Heat Microbial Reduction (DHMR) Testing","","01252000001omdbAAA","BGS_Testing_Services"
"0065200000EfwkVAAR","Aerolineus #20094 - FCF Course for 737","","01252000001omdbAAA","BGS_Testing_Services"
"0065200000EfwkWAAR","NASA Langley #20093 - LCAT Arc-Jet Facility Test of NASA OASIS Hypersonic Material Development","","01252000001omdbAAA","BGS_Testing_Services"
"0065200000EfwkXAAR","Luxair #20092 - FCF Course for 737","","01252000001omdbAAA","BGS_Testing_Services"
"0065200000EfwkYAAR","Southern Research #20091 - LCAT Testing Multiple Specimens","","01252000001omdbAAA","BGS_Testing_Services"
"0065200000EfwkZAAR","Dynetics #20089 - BTWT Test of the SPC","","01252000001omdbAAA","BGS_Testing_Services"
"0065200000EfwkaAAB","flydubai #20088 - FCF Course for 737","","01252000001omdbAAA","BGS_Testing_Services"
"0065200000EfwkbAAB","Alion #20087 - BRAIT Test of a Wing Section","","01252000001omdbAAA","BGS_Testing_Services"
"0065200000EfwkcAAB","Raytheon #20086 - LCAT Test of the Thermal Protection System (TPS) Development","","01252000001omdbAAA","BGS_Testing_Services"
"0065200000EfwkdAAB","Made in Space #20083 TVAC Test of Vertical Solar Array Technology (VSAT)","","01252000001omdbAAA","BGS_Testing_Services"
"0065200000EfwkeAAB","Johns Hopkins University #20080 - LCAT Test of JHU-APL Materials","","01252000001omdbAAA","BGS_Testing_Services"
"0065200000EfwkfAAB","Air Force #20079 - FCF Course for KC-46 Tanker","","01252000001omdbAAA","BGS_Testing_Services"
"0065200000EfwkgAAB","Boom #20078 - PSWT Test of the Overture","","01252000001omdbAAA","BGS_Testing_Services"
"0065200000EbXuJAAV","Air France #20134 - FCF Course","","01252000001omdbAAA","BGS_Testing_Services"
"0065200000EbXuKAAV","Gulfstream #20133 - G700 Hot Fuel Test","","01252000001omdbAAA","BGS_Testing_Services"
"0065200000EjyPzAAJ","JPL #11252 - Sand Erosion Testing","","01252000001omdbAAA","BGS_Testing_Services"
"0065200000EjyQ0AAJ","Qatar Airways #11246 Q-Suite FCF","","01252000001omdbAAA","BGS_Testing_Services"
"0065200000EjyQ1AAJ","nou Systems #11238 LCAT Testing","","01252000001omdbAAA","BGS_Testing_Services"
"0065200000EjyQ2AAJ","German Aviation Capital #11181 Ruili Demonstration Flights","","01252000001omdbAAA","BGS_Testing_Services"
"0065200000EjyQ3AAJ","CPI #11162 - 3.5M Ka-Band SAP Antenna Testing","","01252000001omdbAAA","BGS_Testing_Services"
"0065200000EjyQ4AAJ","Scotia #11161 Qualification of FluoSolv AP","","01252000001omdbAAA","BGS_Testing_Services"
"0065200000EjyQ5AAJ","Rockwell Collins #11139 - BRAIT Test of the EVS-3600 Heating System","","01252000001omdbAAA","BGS_Testing_Services"
"0065200000EjyQ6AAJ","ROKAF #11102 Functional Check Flight Course","","01252000001omdbAAA","BGS_Testing_Services"
"0065200000EjyQ7AAJ","T-Mobile #11087R1 - mmWave Angle of Arrival Measurements Testing","","01252000001omdbAAA","BGS_Testing_Services"
"0065200000EjyQ8AAJ","El Al #11079 FCF Course","","01252000001omdbAAA","BGS_Testing_Services"
"0065200000EjyQ9AAJ","NVCC #11070 - Test of EM Characteristics on Building Materials","","01252000001omdbAAA","BGS_Testing_Services"
"0065200000EjyQAAAZ","GE Aviation #10522(1) - EAC 777X GE9X 747-400 FTB Strut","","01252000001omdbAAA","BGS_Testing_Services"
"0065200000EbNk7AAF","Air France #20134 - FCF Course","","01252000001omdbAAA","BGS_Testing_Services"
"0065200000EbNk8AAF","Gulfstream #20133 - G700 Hot Fuel Test","","01252000001omdbAAA","BGS_Testing_Services"
"0065200000EbT64AAF","BTS Test Non Aviation - Aero","","01252000001omdbAAA","BGS_Testing_Services"
"0065200000EjyOIAAZ","HX5 #20106 - UHB Rig Refurbishment for NASA Glenn","","01252000001omdbAAA","BGS_Testing_Services"
"0065200000EjyOJAAZ","Anduril Industries #20105 - BVWT Test for Omen","","01252000001omdbAAA","BGS_Testing_Services"
"0065200000EjyOKAAZ","Aerion #20104 - PSWT Test of the S-Duct Inlet","","01252000001omdbAAA","BGS_Testing_Services"
"0065200000EjyOLAAZ","Collins Aerospace #20103 - BRAIT Test of COMAC C919 Ram Air Turbine (RAT)","","01252000001omdbAAA","BGS_Testing_Services"
"0065200000EjyOMAAZ","Swift Engineering #20098 - BVWT Test of a VTOL Tail Sitter Drone","","01252000001omdbAAA","BGS_Testing_Services"
"0065200000EjyONAAZ","Kymeta #20090 - u8 Antenna Gain Measurement Test","","01252000001omdbAAA","BGS_Testing_Services"
"0065200000EjyOOAAZ","Mississippi State University #20085 - BRAIT Icing Test of a Wing Section","","01252000001omdbAAA","BGS_Testing_Services"
"0065200000EjyOPAAZ","Boom #20084 - PSWT Test of an Isolated Inlet for Overture","","01252000001omdbAAA","BGS_Testing_Services"
"0065200000EjyOQAAZ","Epic Aircraft #20082 - BRAIT Icing Test","","01252000001omdbAAA","BGS_Testing_Services"
"0065200000EjyORAAZ","Boom #20081 - BVWT Test of the Overture","","01252000001omdbAAA","BGS_Testing_Services"
"0065200000EjyOSAAZ","NGSS #20075 - PSWT Force and Moment Test of the T4","","01252000001omdbAAA","BGS_Testing_Services"
"0065200000EjyOTAAZ","Honda Aircraft #20074 - Fuselage Tank Slosh and Vibe Test","","01252000001omdbAAA","BGS_Testing_Services"
"0065200000EjyOUAAZ","NGIS #20073 - PSWT of the Next Generation Interceptor (NGI) Generic Wind Tunnel Model","","01252000001omdbAAA","BGS_Testing_Services"
"0065200000EjyOVAAZ","magniX #20072 - Power Quality Testing of the magniDrive","","01252000001omdbAAA","BGS_Testing_Services"
"0065200000EjyOWAAZ","Aerion #20069 - BVWT Low Speed Test of the AS2 SSBJ","","01252000001omdbAAA","BGS_Testing_Services"
"0065200000EjyOXAAZ","NGIS #20066 - PSWT Calypso Force and Moment Test","","01252000001omdbAAA","BGS_Testing_Services"
"0065200000EjyOYAAZ","Northrop Grumman Corporation #20065 - Acoustic Test of Various Space Related Components","","01252000001omdbAAA","BGS_Testing_Services"
"0065200000EjyOZAAZ","Northrop Grumman Space Systems #20064 - PSWT Force and Moment Test of the AFMC-1","","01252000001omdbAAA","BGS_Testing_Services"
"0065200000EjyOaAAJ","Aerion #20062 - PSWT Test of an Isolated Inlet","","01252000001omdbAAA","BGS_Testing_Services"
"0065200000EjyObAAJ","SpaceX #20061 - Thermal Vac Testing of a Spacecraft","","01252000001omdbAAA","BGS_Testing_Services"
"0065200000EjyOcAAJ","JHU #20060 - PSWT Test of the SM-6 Blk 1B Quick Look","","01252000001omdbAAA","BGS_Testing_Services"
"0065200000EjyOdAAJ","SolAero #20054 - TVAC Test for DART","","01252000001omdbAAA","BGS_Testing_Services"
"0065200000EjyOeAAJ","NASA JPL #20053 - TVAC Test for SWOT","","01252000001omdbAAA","BGS_Testing_Services"
"0065200000EjyOfAAJ","SolAero #20052- TVAC Test for Tetra","","01252000001omdbAAA","BGS_Testing_Services"
"0065200000EjyOgAAJ","Battelle #20050 - BRAIT Test of an Electrothermal Heater","","01252000001omdbAAA","BGS_Testing_Services"
"0065200000EjyOhAAJ","BAE #20049 - PSWT Test of a Projectile","","01252000001omdbAAA","BGS_Testing_Services"
"0065200000EjyOiAAJ","NGIS #20046 - PSWT Test of a 155 mm Projectile","","01252000001omdbAAA","BGS_Testing_Services"
"0065200000EjyOjAAJ","NASA JPL #20043 - Thermal Vacuum Testing of the MIRCAT","","01252000001omdbAAA","BGS_Testing_Services"
"0065200000EjyOkAAJ","HRL #20041 - Radar Range Testing in El Segundo","","01252000001omdbAAA","BGS_Testing_Services"
"0065200000EjyOlAAJ","NGIS #20037 - PSWT Test of the P7000","","01252000001omdbAAA","BGS_Testing_Services"
"0065200000EjyOmAAJ","GE Aviation #20033 - 777X / GE9X Flying Test Bed Strut Modification","","01252000001omdbAAA","BGS_Testing_Services"
"0065200000EjyOnAAJ","L3 Communications Systems - West #20026 - Smartt Field Test of the Next Generation Jammer (NGJ)","","01252000001omdbAAA","BGS_Testing_Services"
"0065200000EjyOoAAJ","NGIS #20023 - PSWT Force & Moment Test of a Projectile (Classified Secret)","","01252000001omdbAAA","BGS_Testing_Services"
"0065200000EjyOpAAJ","NGIS #20022 - PSWT Test of the Patriot Target Vehicle (PTV-6)","","01252000001omdbAAA","BGS_Testing_Services"
"0065200000EjyOqAAJ","NGIS #20019 - PSWT Test of a Projectile","","01252000001omdbAAA","BGS_Testing_Services"
"0065200000EjyOrAAJ","Army (Redstone Arsenal) #20017 - BTWT Test of the TOW Missile","","01252000001omdbAAA","BGS_Testing_Services"
"0065200000EjyOsAAJ","Kuwait Airways #20014 FCF Course","","01252000001omdbAAA","BGS_Testing_Services"
"0065200000EjyOtAAJ","JPL #20010 - T-Vac Testing of the Europa Clipper Pathfinder","","01252000001omdbAAA","BGS_Testing_Services"
"0065200000EjyOuAAJ","Lockheed Martin #20006 - TEM Cell Test","","01252000001omdbAAA","BGS_Testing_Services"
"0065200000EjyOvAAJ","Northrop Grumman #20004 - BTWT Inlet Test","","01252000001omdbAAA","BGS_Testing_Services"
"0065200000EjyOwAAJ","Millennium Space #11446 - T-Vac Test of the ALTAIR Avionics Components","","01252000001omdbAAA","BGS_Testing_Services"
"0065200000EjyOxAAJ","Millennium Space Systems #11440 - Space Vehicle Environmental Tests (T-Vac, Acoustic, Mass Properties, EMI)","","01252000001omdbAAA","BGS_Testing_Services"
"0065200000EjyOyAAJ","Titan Airways #11434 Functional Check Flight","","01252000001omdbAAA","BGS_Testing_Services"
"0065200000EjyOzAAJ","RUAG Space #11432 - Vulcan Payload Accommodation and Interstage Adapter Structural Qualification Testing","","01252000001omdbAAA","BGS_Testing_Services"
"0065200000EjyP0AAJ","SunExpress #11416 Functional Check Flight Course","","01252000001omdbAAA","BGS_Testing_Services"
"0065200000EjyP1AAJ","Northrop Grumman Innovation Systems #11411 - PSWT Test of the OmegA","","01252000001omdbAAA","BGS_Testing_Services"
"0065200000EjyP2AAJ","Raytheon Missile Systems #11409 - PSWT Test of a Canard Controlled Airframe","","01252000001omdbAAA","BGS_Testing_Services"
"0065200000EjyP3AAJ","Aerosonic #11384 - PSWT Test of a Probe","","01252000001omdbAAA","BGS_Testing_Services"
"0065200000EjyP4AAJ","GE Aviation #11372 - GEnx-2B Adapter Dual Side Load Link Conversion","","01252000001omdbAAA","BGS_Testing_Services"
"0065200000EjyP5AAJ","Draco Aerosystems #11359 - BRAIT Test of 3 - 2D Wing Models","","01252000001omdbAAA","BGS_Testing_Services"
"0065200000EjyP6AAJ","Dynetics #11347 - BTWT Testing","","01252000001omdbAAA","BGS_Testing_Services"
"0065200000EjyP7AAJ","Dynetics #11340 - BTWT Test of the ADTROL","","01252000001omdbAAA","BGS_Testing_Services"
"0065200000EjyP8AAJ","Aerion #11332 - 9X9 Low Speed Inlet Screening Test of the AS2 SSBJ","","01252000001omdbAAA","BGS_Testing_Services"
"0065200000EjyP9AAJ","Raytheon Space and Airborne Systems #11277 - BTWT Test of the NGJ (Next Generation Jammer)","","01252000001omdbAAA","BGS_Testing_Services"
"0065200000EjyPAAAZ","Blue Origin #11267 Material Testing in ARF","","01252000001omdbAAA","BGS_Testing_Services"
"0065200000EjyPBAAZ","The Spaceship Company #11262 Trade Study for WhiteKnightTwo Structures","","01252000001omdbAAA","BGS_Testing_Services"
"0065200000EjyPCAAZ","David&Goliath #11253 - Filming of Kia Car Commercial in BVWT","","01252000001omdbAAA","BGS_Testing_Services"
"0065200000EjyPDAAZ","Raytheon Missile Systems #11244 - PSWT Test of an IRAD Missile","","01252000001omdbAAA","BGS_Testing_Services"
"0065200000EjyPEAAZ","First Solar #11243 - LSAF Test of Solar Panel","","01252000001omdbAAA","BGS_Testing_Services"
"0065200000EjyPFAAZ","Orbital ATK #11231 - PSWT Test of the Next Generation Launch (NGL)","","01252000001omdbAAA","BGS_Testing_Services"
"0065200000EjyPGAAZ","Orbital ATK #11230 - Aft Skirt Structural Testing","","01252000001omdbAAA","BGS_Testing_Services"
"0065200000EjyPHAAZ","Dynetics #11229 - PSWT Test of Nose Mounted Canards","","01252000001omdbAAA","BGS_Testing_Services"
"0065200000EjyPIAAZ","Airborne Systems #11097(1) - Adding Additional Test Events - Dry Heat Microbial Reduction (DHMR)","","01252000001omdbAAA","BGS_Testing_Services"
"0065200000EjyPJAAZ","The Spaceship Company #11216 Design and Build of WhiteKnightTwo Structures","","01252000001omdbAAA","BGS_Testing_Services"
"0065200000EjyPKAAZ","MR&D #11208 - LCAT Arcjet Testing of Leading Edge Specimens","","01252000001omdbAAA","BGS_Testing_Services"
"0065200000EjyPLAAZ","General Atomics #11203 - BTWT Test of a Subscale Model of a UAV","","01252000001omdbAAA","BGS_Testing_Services"
"0065200000EjyPMAAZ","Raytheon Missile Systems #11202 - PSWT Inlet Test of the High Speed Air-Breathing (HSAB) Vehicle","","01252000001omdbAAA","BGS_Testing_Services"
"0065200000EjyPNAAZ","Raytheon Missile Systems #11201 - PSWT Test of the Gray Wolf Cruise Missile","","01252000001omdbAAA","BGS_Testing_Services"
"0065200000EjyPOAAZ","Orbital ATK #11177 - PSWT Test of the MRBMT3C2","","01252000001omdbAAA","BGS_Testing_Services"
"0065200000EjyPPAAZ","Dynetics #11174 - PSWT LowER Sting Mounted Re-Entry Test","","01252000001omdbAAA","BGS_Testing_Services"
"0065200000EjyPQAAZ","AeroTech Engineering Consulting #11163 - BTWT Test of High Bypass Underwing Mounting Configuration","","01252000001omdbAAA","BGS_Testing_Services"
"0065200000EjyPRAAZ","GE Aviation #11115 - Rig Test in the LDFR NTF Cell 2","","01252000001omdbAAA","BGS_Testing_Services"
"0065200000EjyPSAAZ","B/E Aerospace #11106 - Environmental and EM Suite of Tests on Advanced Lavatory","","01252000001omdbAAA","BGS_Testing_Services"
"0065200000EjyPTAAZ","UES #11098 - Attend and present at the 2016 Laser Hardened Materials Program Review - Dayton, OH, 14-17 Nov 2016","","01252000001omdbAAA","BGS_Testing_Services"
"0065200000EjyPUAAZ","L-3 Communications #11089 - Randtron Antenna Systems Testing at the 9-77 Compact Range","","01252000001omdbAAA","BGS_Testing_Services"
"0065200000EjyPVAAZ","BAE Systems #11084 - Composite Analysis Support II","","01252000001omdbAAA","BGS_Testing_Services"
"0065200000EjyPWAAZ","Honda #11076 - BVWT Noise Testing of Vehicles","","01252000001omdbAAA","BGS_Testing_Services"
"0065200000EjyPXAAZ","GE Renewable Energy #10946 - Acoustic Phased Array Broadband Noise Source Identification","","01252000001omdbAAA","BGS_Testing_Services"
"0065200000EjyPYAAZ","General Dynamics - Electric Boat #10892 - Provide Composite Analysis of Items","","01252000001omdbAAA","BGS_Testing_Services"
"0065200000EjyPZAAZ","JHU/APL #10304 - PSWT Test of the Enhanced Operability Scramjet Technology (EOST)","","01252000001omdbAAA","BGS_Testing_Services"
"0065200000EWdAjAAL","(N) Cathay Pacific Airways - Airframe Performance & Systems, 747 ENHANCEMENT","","01252000001omdbAAA","BGS_Testing_Services"
"0065200000EWdAoAAL","(N) North-Western Cargo Airlines - 757-200 STC Reveiw and MTOW","","01252000001omdbAAA","BGS_Testing_Services"
"0065200000EWdAtAAL","(N) Uzbekistan Airways - 767-300 BCF","","01252000001omdbAAA","BGS_Testing_Services"
"0065200000EWdAyAAL","(N) American Airlines - Interiors 737-8","","01252000001omdbAAA","BGS_Testing_Services"
"0065200000EWdB3AAL","(N) Cargolux Airlines -Avionics, 747-400F FCC OPC update","","01252000001omdbAAA","BGS_Testing_Services"
"0065200000EWdG8AAL","China Southern Air - 737-800 BCF + 1","","01252000001omdbAAA","BGS_Testing_Services"
"0065200000EWdGIAA1","NAS Aviation Services - Avionics,  B737-800 - Transition","","01252000001omdbAAA","BGS_Testing_Services"
"0065200000EWdAKAA1","(N) LATAM Airlines - 767-300BCF Brazilian Certification","","01252000001omdbAAA","BGS_Testing_Services"
"0065200000EWdALAA1","(N) LATAM Airlines - Interior - Recaro Seat Amendment","","01252000001omdbAAA","BGS_Testing_Services"
"0065200000EWdGSAA1","Delta Air Lines - Airframe Performance & Systems, 737-900 Doors","","01252000001omdbAAA","BGS_Testing_Services"
"0065200000EWdGhAAL","Atlas Air - 767-300 BCF (1)","","01252000001omdbAAA","BGS_Testing_Services"
"0065200000EWdH6AAL","Shandong Airlines - 737-800 BCF (2)","","01252000001omdbAAA","BGS_Testing_Services"
"0065200000EWdHBAA1","BOC Aviation Limited - Airframe Performance & Systems, Weight upgrade","","01252000001omdbAAA","BGS_Testing_Services"
"0065200000EWdHVAA1","Stratos Aircraft Management - Airframe Performance & Systems, B737-800 - Transition","","01252000001omdbAAA","BGS_Testing_Services"
"0065200000Cfq7eAAB","Working Test BTS - April","Consumer","01252000001omdbAAA","BGS_Testing_Services"
"0065200000EWfkAAAT","Relativity Space #20136 - PSWT Terran R S1 Reentry Wind Tunnel Test","","01252000001omdbAAA","BGS_Testing_Services"
"0065200000EWfkBAAT","DZYNE Technologies #20135 - Integrated Capsule Assembly (ICA) Thermal Vacuum and Other","","01252000001omdbAAA","BGS_Testing_Services"
"0065200000EWgYJAA1","Email - SF","","01252000001omdbAAA","BGS_Testing_Services"
"0065200000EWdAUAA1","(N) United Airlines - Avionics - 737-8","","01252000001omdbAAA","BGS_Testing_Services"
"0065200000EWdAVAA1","(N) LATAM Airlines - Interiors","","01252000001omdbAAA","BGS_Testing_Services"
"0065200000EXU2oAAH","BGS Testing Services RT Test 2","","01252000001omdbAAA","BGS_Testing_Services"
"0065200000EWdA5AAL","(N) NAS Aviation Services - Airframe Performance & Systems","","01252000001omdbAAA","BGS_Testing_Services"
"0065200000EWdHaAAL","ATSG (CGM) (4) 767-300BCF","","01252000001omdbAAA","BGS_Testing_Services"
"0065200000EWd8cAAD","(N) BBAM Aircraft Management- Airframe Performance & Systems, B737 MTOW, MLW and MZFW increase","","01252000001omdbAAA","BGS_Testing_Services"
"0065200000CfghSAAR","4/6 Demo - E2SF","","01252000001omdbAAA","BGS_Testing_Services"
"0065200000EXUG2AAP","Opp for Contact Role - Test","","01252000001omdbAAA","BGS_Testing_Services"
"0065200000EWd9VAAT","(N) Virgin Australia- 737 Avionics","","01252000001omdbAAA","BGS_Testing_Services"
"0065200000EWdHLAA1","Virgin Australia Airlines - Avionics, 737-700 Mods Package Collector","","01252000001omdbAAA","BGS_Testing_Services"
"0065200000Eb7LCAAZ","5/6 - Walkthrough","","01252000001omdbAAA","BGS_Testing_Services"
"0065200000EWdGrAAL","China Southern Leasing – (1) 737","","01252000001omdbAAA","BGS_Testing_Services"
"0065200000EWdGsAAL","NAS Aviation Services - 737-800 BCF (2)","","01252000001omdbAAA","BGS_Testing_Services"
"0065200000Cfw3yAAB","R/A Bombardier","","01252000001omdbAAA","BGS_Testing_Services"
"0065200000EWd7jAAD","(N) AerCap - 737 BCF C-Check","","01252000001omdbAAA","BGS_Testing_Services"
"0065200000Cfw3oAAB","(R/A) Honeywell Aerospace","","01252000001omdbAAA","BGS_Testing_Services"
"0065200000Cfw3tAAB","Honda Aircraft Company","","01252000001omdbAAA","BGS_Testing_Services"
"0065200000EWdGcAAL","Delta Air Lines - Interiors - 737-900ER","","01252000001omdbAAA","BGS_Testing_Services"
"0065200000EWd9fAAD","(N) SF Airlines - Avionics, 757 MMR Upgrades","","01252000001omdbAAA","BGS_Testing_Services"
"0065200000EWd9gAAD","(N) Xiamen Leasing - (1) 737BCF","","01252000001omdbAAA","BGS_Testing_Services"
"0065200000CfsveAAB","4/14 Opportunity RT - Demo","","01252000001omdbAAA","BGS_Testing_Services"
"0065200000EWd9aAAD","(N) United Airlines 767 Heavy Maintenance & Mods","","01252000001omdbAAA","BGS_Testing_Services"
"0065200000EXU2eAAH","BGS Testing Services RT Test","","01252000001omdbAAA","BGS_Testing_Services"
"0065200000EXU2jAAH","BGS Testing Services RT Test - Test","","01252000001omdbAAA","BGS_Testing_Services"
"0065200000EWd88AAD","(N) GOL Linhas (GOT) 737 BCF C-Check","","01252000001omdbAAA","BGS_Testing_Services"
"0065200000EWd91AAD","(N)Texel Air - 737-800 BCF","","01252000001omdbAAA","BGS_Testing_Services"
"0065200000EbT2CAAV","Test Emilee - Aero","","01252000001omdbAAA","BGS_Testing_Services"
"0065200000Cfq7oAAB","Adam Working BTS Test - April","","01252000001omdbAAA","BGS_Testing_Services"
"0065200000CfqpvAAB","Steve Working - April","","01252000001omdbAAA","BGS_Testing_Services"
"0065200000EWd8wAAD","(N) LATAM 787 Monitoring Support","","01252000001omdbAAA","BGS_Testing_Services"
"0065200000Cfw43AAB","Airbus Helicopters","","01252000001omdbAAA","BGS_Testing_Services"
"0065200000EWd8IAAT","(N) AerCap - 787-9 Repair & Maintenance","","01252000001omdbAAA","BGS_Testing_Services"
"0065200000EWd8NAAT","(N) NAS Aviation Services (GEF) 787-9","","01252000001omdbAAA","BGS_Testing_Services"
"0065200000EWd8XAAT","(N) United Arab Emirates - 737-800 BCF","","01252000001omdbAAA","BGS_Testing_Services"
"0065200000EWd8hAAD","(N) Norse Atlantic - 787 Maintenance Check","","01252000001omdbAAA","BGS_Testing_Services"
"0065200000EWd96AAD","(N) United Airlines - Interiors - 737-900ER","","01252000001omdbAAA","BGS_Testing_Services"
"0065200000EWd9BAAT","(N) Avolon Aerospace - Avionics","","01252000001omdbAAA","BGS_Testing_Services"
"0065200000EWd9GAAT","(N) United Airlines - Interiors - 737-700","","01252000001omdbAAA","BGS_Testing_Services"
"0065200000EWd9QAAT","(N) Saudi Royal Aviation  Monitor & Tech Support","","01252000001omdbAAA","BGS_Testing_Services"
"0065200000EWd9kAAD","(N) American Airlines- Connectivity - 787 DC to AC WAP","","01252000001omdbAAA","BGS_Testing_Services"
"0065200000EWdAAAA1","(N) Vistara - 787 (3)Interiors - OFCR & OFAR","","01252000001omdbAAA","BGS_Testing_Services"
"0065200000EWdAFAA1","(N) Avianca - Cabin Interior Mods - 787-8","","01252000001omdbAAA","BGS_Testing_Services"
"0065200000EWdAPAA1","(N) Atlas Air– Avionics, 767-300 Large Display System","","01252000001omdbAAA","BGS_Testing_Services"
"0065200000EWdAZAA1","(N)Saudi Arabian Airlines- Avionics, Weather Radar System Upgrade","","01252000001omdbAAA","BGS_Testing_Services"
"0065200000EWdAeAAL","(N) United Airlines - Interiors - 757-300","","01252000001omdbAAA","BGS_Testing_Services"
"0065200000EWd9LAAT","(N) United Airlines - Interiors - 737-800","","01252000001omdbAAA","BGS_Testing_Services"
